{
  "timestamp": "20260717_150420",
  "runs": 3,
  "raw_results": [
    {
      "vector_store": "chroma",
      "timestamp": "20260717_150515",
      "total_cases": 15,
      "overall_passed": 15,
      "score": 1.0,
      "retrieval_score": 1.0,
      "rerank_score": 1.0,
      "answer_score": 1.0,
      "avg_total_time": 3.5912224,
      "avg_retrieval_time": 0.007863733333333333,
      "avg_rerank_time": 1.396331,
      "avg_llm_time": 1.3844427333333333,
      "avg_input_tokens": 711.6,
      "avg_output_tokens": 21.8,
      "avg_total_tokens": 733.4,
      "avg_cost_usd": 0.00011982,
      "total_cost_usd": 0.0017973,
      "image_fallback_count": 0,
      "run": 1
    },
    {
      "vector_store": "qdrant",
      "timestamp": "20260717_150605",
      "total_cases": 15,
      "overall_passed": 15,
      "score": 1.0,
      "retrieval_score": 1.0,
      "rerank_score": 1.0,
      "answer_score": 1.0,
      "avg_total_time": 3.2142141333333334,
      "avg_retrieval_time": 0.0328072,
      "avg_rerank_time": 1.2544221333333332,
      "avg_llm_time": 1.302348,
      "avg_input_tokens": 731.6666666666666,
      "avg_output_tokens": 19.4,
      "avg_total_tokens": 751.0666666666667,
      "avg_cost_usd": 0.00012139,
      "total_cost_usd": 0.00182085,
      "image_fallback_count": 0,
      "run": 1
    },
    {
      "vector_store": "pgvector",
      "timestamp": "20260717_150652",
      "total_cases": 15,
      "overall_passed": 15,
      "score": 1.0,
      "retrieval_score": 1.0,
      "rerank_score": 1.0,
      "answer_score": 1.0,
      "avg_total_time": 3.1347123333333333,
      "avg_retrieval_time": 0.05303246666666667,
      "avg_rerank_time": 1.3136338,
      "avg_llm_time": 1.3044016666666667,
      "avg_input_tokens": 697.1333333333333,
      "avg_output_tokens": 22.066666666666666,
      "avg_total_tokens": 719.2,
      "avg_cost_usd": 0.00011781,
      "total_cost_usd": 0.00176715,
      "image_fallback_count": 0,
      "run": 1
    },
    {
      "vector_store": "opensearch",
      "timestamp": "20260717_150738",
      "total_cases": 15,
      "overall_passed": 15,
      "score": 1.0,
      "retrieval_score": 1.0,
      "rerank_score": 1.0,
      "answer_score": 1.0,
      "avg_total_time": 2.910724666666667,
      "avg_retrieval_time": 0.11321099999999999,
      "avg_rerank_time": 1.2524988666666668,
      "avg_llm_time": 1.1174519333333333,
      "avg_input_tokens": 694.5333333333333,
      "avg_output_tokens": 19.933333333333334,
      "avg_total_tokens": 714.4666666666667,
      "avg_cost_usd": 0.00011614,
      "total_cost_usd": 0.0017421,
      "image_fallback_count": 0,
      "run": 1
    },
    {
      "vector_store": "chroma",
      "timestamp": "20260717_150842",
      "total_cases": 15,
      "overall_passed": 15,
      "score": 1.0,
      "retrieval_score": 1.0,
      "rerank_score": 1.0,
      "answer_score": 1.0,
      "avg_total_time": 4.2360558,
      "avg_retrieval_time": 0.008130533333333334,
      "avg_rerank_time": 1.3868248666666667,
      "avg_llm_time": 2.3794269333333333,
      "avg_input_tokens": 677.2666666666667,
      "avg_output_tokens": 21.2,
      "avg_total_tokens": 698.4666666666667,
      "avg_cost_usd": 0.00011431,
      "total_cost_usd": 0.00171465,
      "image_fallback_count": 0,
      "run": 2
    },
    {
      "vector_store": "qdrant",
      "timestamp": "20260717_150925",
      "total_cases": 15,
      "overall_passed": 15,
      "score": 1.0,
      "retrieval_score": 1.0,
      "rerank_score": 1.0,
      "answer_score": 1.0,
      "avg_total_time": 2.7804534,
      "avg_retrieval_time": 0.025504933333333334,
      "avg_rerank_time": 1.1581327333333333,
      "avg_llm_time": 1.2044826,
      "avg_input_tokens": 725.6666666666666,
      "avg_output_tokens": 20.866666666666667,
      "avg_total_tokens": 746.5333333333333,
      "avg_cost_usd": 0.00012137,
      "total_cost_usd": 0.00182055,
      "image_fallback_count": 0,
      "run": 2
    },
    {
      "vector_store": "pgvector",
      "timestamp": "20260717_151009",
      "total_cases": 15,
      "overall_passed": 15,
      "score": 1.0,
      "retrieval_score": 1.0,
      "rerank_score": 1.0,
      "answer_score": 1.0,
      "avg_total_time": 2.8581404,
      "avg_retrieval_time": 0.051371,
      "avg_rerank_time": 1.2943028,
      "avg_llm_time": 1.0845436666666666,
      "avg_input_tokens": 706.6,
      "avg_output_tokens": 19.933333333333334,
      "avg_total_tokens": 726.5333333333333,
      "avg_cost_usd": 0.00011795,
      "total_cost_usd": 0.00176925,
      "image_fallback_count": 0,
      "run": 2
    },
    {
      "vector_store": "opensearch",
      "timestamp": "20260717_151056",
      "total_cases": 15,
      "overall_passed": 15,
      "score": 1.0,
      "retrieval_score": 1.0,
      "rerank_score": 1.0,
      "answer_score": 1.0,
      "avg_total_time": 3.090112,
      "avg_retrieval_time": 0.04889573333333333,
      "avg_rerank_time": 1.228724,
      "avg_llm_time": 1.3639114,
      "avg_input_tokens": 684.5333333333333,
      "avg_output_tokens": 19.533333333333335,
      "avg_total_tokens": 704.0666666666667,
      "avg_cost_usd": 0.0001144,
      "total_cost_usd": 0.001716,
      "image_fallback_count": 0,
      "run": 2
    },
    {
      "vector_store": "chroma",
      "timestamp": "20260717_151145",
      "total_cases": 15,
      "overall_passed": 15,
      "score": 1.0,
      "retrieval_score": 1.0,
      "rerank_score": 1.0,
      "answer_score": 1.0,
      "avg_total_time": 3.1949488,
      "avg_retrieval_time": 0.008187133333333332,
      "avg_rerank_time": 1.4005236666666667,
      "avg_llm_time": 1.2574901333333333,
      "avg_input_tokens": 725.3333333333334,
      "avg_output_tokens": 20.2,
      "avg_total_tokens": 745.5333333333333,
      "avg_cost_usd": 0.00012092,
      "total_cost_usd": 0.0018138,
      "image_fallback_count": 0,
      "run": 3
    },
    {
      "vector_store": "qdrant",
      "timestamp": "20260717_151233",
      "total_cases": 15,
      "overall_passed": 15,
      "score": 1.0,
      "retrieval_score": 1.0,
      "rerank_score": 1.0,
      "answer_score": 1.0,
      "avg_total_time": 3.117170466666667,
      "avg_retrieval_time": 0.027991666666666668,
      "avg_rerank_time": 1.2897892,
      "avg_llm_time": 1.3917682666666666,
      "avg_input_tokens": 669.3333333333334,
      "avg_output_tokens": 21.466666666666665,
      "avg_total_tokens": 690.8,
      "avg_cost_usd": 0.00011328,
      "total_cost_usd": 0.0016992,
      "image_fallback_count": 0,
      "run": 3
    },
    {
      "vector_store": "pgvector",
      "timestamp": "20260717_151324",
      "total_cases": 15,
      "overall_passed": 15,
      "score": 1.0,
      "retrieval_score": 1.0,
      "rerank_score": 1.0,
      "answer_score": 1.0,
      "avg_total_time": 3.324205,
      "avg_retrieval_time": 0.05623126666666667,
      "avg_rerank_time": 1.555807,
      "avg_llm_time": 1.1823746,
      "avg_input_tokens": 678.5333333333333,
      "avg_output_tokens": 20.466666666666665,
      "avg_total_tokens": 699.0,
      "avg_cost_usd": 0.00011406,
      "total_cost_usd": 0.0017109,
      "image_fallback_count": 0,
      "run": 3
    },
    {
      "vector_store": "opensearch",
      "timestamp": "20260717_151405",
      "total_cases": 15,
      "overall_passed": 15,
      "score": 1.0,
      "retrieval_score": 1.0,
      "rerank_score": 1.0,
      "answer_score": 1.0,
      "avg_total_time": 2.6746783333333335,
      "avg_retrieval_time": 0.05379113333333333,
      "avg_rerank_time": 1.1080520666666667,
      "avg_llm_time": 1.1337501333333333,
      "avg_input_tokens": 727.7333333333333,
      "avg_output_tokens": 20.133333333333333,
      "avg_total_tokens": 747.8666666666667,
      "avg_cost_usd": 0.00012124,
      "total_cost_usd": 0.0018186,
      "image_fallback_count": 0,
      "run": 3
    }
  ],
  "aggregated_results": [
    {
      "vector_store": "chroma",
      "runs": 3,
      "score_avg": 1.0,